batsman,team
RT Ponting,Royal Challengers Bangalore
BB McCullum,Sunrisers Hyderabad
DJ Hussey,Mumbai Indians
Mohammad Hafeez,Chennai Super Kings
SC Ganguly,Delhi Daredevils
CL White,Kings XI Punjab
MV Boucher,Rising Pune Supergiant
B Akhil,Kolkata Knight Riders
AA Noffke,Gujarat Lions
P Kumar,Rajasthan Royals
Z Khan,Deccan Chargers
SB Joshi,Kochi Tuskers Kerala
W Jaffer,Pune Warriors
JH Kallis,
R Dravid,
V Kohli,
K Goel,
MEK Hussey,
JR Hopes,
SK Raina,
JDP Oram,
S Badrinath,
PA Patel,
ML Hayden,
MS Dhoni,
KC Sangakkara,
Yuvraj Singh,
SM Katich,
IK Pathan,
T Kohli,
YK Pathan,
S Dhawan,
G Gambhir,
SK Warne,
D Salunkhe,
SK Trivedi,
V Sehwag,
SR Watson,
M Kaif,
DS Lehmann,
RA Jadeja,
M Rawat,
L Ronchi,
ST Jayasuriya,
DJ Thornely,
RV Uthappa,
PR Shah,
AM Nayar,
SM Pollock,
Harbhajan Singh,
S Chanderpaul,
LRPL Taylor,
WP Saha,
AS Yadav,
A Symonds,
SB Bangar,
WPUJC Vaas,
RP Singh,
AC Gilchrist,
Y Venugopal Rao,
VVS Laxman,
RG Sharma,
SB Styris,
LR Shukla,
PP Chawla,
Kamran Akmal,
DPMD Jayawardene,
S Sohal,
B Lee,
WA Mota,
Shahid Afridi,
DJ Bravo,
A Nehra,
MA Khote,
GC Smith,
Pankaj Singh,
S Sreesanth,
VRV Singh,
SS Tiwary,
RR Sarwan,
DS Kulkarni,
R Vinay Kumar,
M Kartik,
I Sharma,
AB Agarkar,
AM Rahane,
TM Srivastava,
Shoaib Malik,
MK Tiwary,
KD Karthik,
R Bhatia,
MF Maharoof,
VY Mahesh,
B Chipli,
DW Steyn,
DB Das,
MK Pandey,
HH Gibbs,
DNT Zoysa,
D Kalyankrishna,
SE Marsh,
SA Asnodkar,
BJ Hodge,
Sohail Tanvir,
Salman Butt,
Umar Gul,
AB Dinda,
AB de Villiers,
SP Fleming,
S Vidyut,
JA Morkel,
LPC Silva,
DB Ravi Teja,
Misbah-ul-Haq,
PJ Sangwan,
YV Takawale,
RR Raje,
Mohammad Asif,
GD McGrath,
Joginder Sharma,
MS Gony,
M Muralitharan,
M Ntini,
DT Patil,
A Kumble,
S Anirudha,
MM Patel,
CK Kapugedera,
A Chopra,
T Taibu,
J Arunkumar,
PP Ojha,
SP Goswami,
SR Tendulkar,
U Kaul,
Niraj Patel,
AD Mascarenhas,
TM Dilshan,
A Mishra,
LA Pomersbach,
Iqbal Abdulla,
Younis Khan,
PM Sarvesh Kumar,
DP Vijaykumar,
Shoaib Akhtar,
Abdur Razzak,
H Das,
DR Smith,
SD Chitnis,
CRD Fernando,
VS Yeligati,
L Balaji,
A Mukund,
RR Powar,
JP Duminy,
A Flintoff,
T Thushara,
KP Pietersen,
JD Ryder,
T Henderson,
Kamran Khan,
RS Bopara,
MC Henriques,
CH Gayle,
R Bishnoi,
KV Sharma,
FH Edwards,
AS Raut,
PC Valthaty,
RJ Quiney,
Yashpal Singh,
M Manhas,
AA Bilakhia,
AN Ghosh,
BAW Mendis,
DL Vettori,
MN van Wyk,
RE van der Merwe,
TL Suman,
Shoaib Ahmed,
GR Napier,
KP Appanna,
LA Carseldine,
NV Ojha,
SM Harwood,
M Vijay,
DA Warner,
SB Jakati,
RJ Harris,
D du Preez,
M Morkel,
AD Mathews,
SL Malinga,
C Nanda,
J Botha,
Mashrafe Mortaza,
A Singh,
GJ Bailey,
AB McDonald,
Y Nagar,
SS Shaikh,
R Ashwin,
Mohammad Ashraful,
Jaskaran Singh,
Anirudh Singh,
CA Pujara,
OA Shah,
AP Tare,
AT Rayudu,
R Sathish,
R McLaren,
AA Jhunjhunwala,
P Dogra,
A Uniyal,
MS Bisla,
YA Abdulla,
EJG Morgan,
JM Kemp,
S Tyagi,
RS Gavaskar,
SE Bond,
S Ladda,
DP Nannes,
KA Pollard,
DR Martyn,
S Narwal,
MJ Lumb,
Bipul Sharma,
AB Barath,
FY Fazal,
AC Voges,
MD Mishra,
UT Yadav,
J Theron,
SJ Srivastava,
R Sharma,
Mandeep Singh,
KM Jadhav,
SW Tait,
KB Arun Karthik,
KAJ Roach,
PD Collingwood,
CK Langeveldt,
VS Malik,
A Mithun,
AP Dole,
AN Ahmed,
RS Sodhi,
DE Bollinger,
S Sriram,
B Sumanth,
C Madan,
AG Paunikar,
MR Marsh,
AJ Finch,
STR Binny,
Harmeet Singh,
IR Jaggi,
DT Christian,
MA Agarwal,
RV Gomez,
AUK Pathan,
UBT Chand,
DJ Jacobs,
NJ Rimmington,
Sunny Singh,
AL Menaria,
WD Parnell,
JJ van der Wath,
R Ninan,
S Aravind,
MS Wade,
TD Paine,
JEC Franklin,
SB Wagh,
AC Thomas,
Shakib Al Hasan,
DH Yagnik,
S Randiv,
BJ Haddin,
NLTC Perera,
NL McCullum,
JE Taylor,
J Syed Mohammad,
RN ten Doeschate,
TR Birt,
AG Murtaza,
Harpreet Singh,
M Klinger,
AC Blizzard,
I Malhotra,
L Ablish,
CA Ingram,
S Nadeem,
P Parameswaran,
CJ Ferguson,
VR Aaron,
AA Chavan,
ND Doshi,
B Kumar,
Y Gnaneswara Rao,
S Rana,
BA Bhatt,
F du Plessis,
RE Levi,
GJ Maxwell,
SPD Smith,
SA Yadav,
MN Samuels,
KK Cooper,
JP Faulkner,
HV Patel,
DAJ Bracewell,
DJ Harris,
Ankit Sharma,
SP Narine,
GB Hogg,
RR Bhatkal,
CJ McKay,
N Saini,
DA Miller,
Azhar Mahmood,
P Negi,
RJ Peterson,
KMDN Kulasekara,
A Ashish Reddy,
V Pratap Singh,
BB Samantray,
MJ Clarke,
Gurkeerat Singh,
AP Majumdar,
PA Reddy,
K Upadhyay,
P Awana,
AD Russell,
A Chandila,
CA Lynn,
Sunny Gupta,
MC Juneja,
KK Nair,
GH Vihari,
R Shukla,
MDKJ Perera,
AS Rajpoot,
B Laughlin,
M Vohra,
JD Unadkat,
Mohammed Shami,
BMAJ Mendis,
R Rampaul,
CH Morris,
SV Samson,
SMSM Senanayake,
BJ Rohrer,
KL Rahul,
Q de Kock,
R Dhawan,
MG Johnson,
LJ Wright,
IC Pandey,
CM Gautam,
X Thalaivan Sargunam,
DJG Sammy,
KW Richardson,
MM Sharma,
UA Birla,
Parvez Rasool,
Sandeep Sharma,
S Kaul,
Sachin Baby,
PV Tambe,
NM Coulter-Nile,
CJ Anderson,
NJ Maddinson,
AR Patel,
JJ Bumrah,
JDS Neesham,
TG Southee,
MA Starc,
BR Dunk,
RR Rossouw,
Shivam Sharma,
YS Chahal,
LMP Simmons,
VH Zol,
Imran Tahir,
BCJ Cutting,
BE Hendricks,
S Gopal,
M de Lange,
R Tewatia,
JO Holder,
Karanveer Singh,
SS Iyer,
DJ Hooda,
Anureet Singh,
KS Williamson,
SA Abbott,
J Suchith,
RG More,
D Wiese,
HH Pandya,
SN Khan,
MJ McClenaghan,
DJ Muthuswami,
PJ Cummins,
SN Thakur,
JC Buttler,
CR Brathwaite,
MP Stoinis,
Ishan Kishan,
C Munro,
P Sahu,
KH Pandya,
AD Nath,
MJ Guptill,
KJ Abbott,
TM Head,
M Ashwin,
NS Naik,
RR Pant,
SW Billings,
KC Cariappa,
PSP Handscomb,
Swapnil Singh,
J Yadav,
UT Khawaja,
HM Amla,
F Behardien,
A Zampa,
BB Sran,
N Rana,
S Kaushik,
ER Dwivedi,
CJ Jordan,
A Choudhary,
TS Mills,
BA Stokes,
JJ Roy,
Vishnu Vinod,
Basil Thampi,
CR Woakes,
RA Tripathi,
DL Chahar,
V Shankar,
Rashid Khan,
LH Ferguson,
RD Chahar,
C de Grandhomme,
AF Milne,
S Badree,
Mohammad Nabi,
AJ Tye,
K Rabada,
Kuldeep Yadav,
Washington Sundar,
DM Bravo,
AR Bawne,
SP Jackson,
Ankit Soni,
TA Boult,
E Lewis,
MA Wood,
RK Singh,
DJM Short,
K Gowtham,
TK Curran,
M Markande,
B Stanlake,
Mujeeb Ur Rahman,
A Dananjaya,
Shivam Mavi,
Shubman Gill,
Mohammed Siraj,
H Klaasen,
RK Bhui,
JC Archer,
PP Shaw,
LE Plunkett,
Mustafizur Rahman,
AD Hales,
MK Lomror,
DR Shorey,
MM Ali,
M Prasidh Krishna,
P Chopra,
JPR Scantlebury-Searles,
Abhishek Sharma,
IS Sodhi,
SO Hetmyer,
S Dube,
NA Saini,
JM Bairstow,
Rasikh Salam,
KMA Paul,
N Pooran,
P Ray Barman,
S Lamichhane,
SM Curran,
GC Viljoen,
Avesh Khan,
HF Gurney,
SD Lad,
AS Joseph,
MJ Santner,
R Parag,
JL Denly,
LS Livingstone,
KK Ahmed,
AJ Turner,
SE Rutherford,
Harpreet Brar,
Y Prithvi Raj,
P Simran Singh,
JL Pattinson,
A Nortje,
T Banton,
D Padikkal,
YBK Jaiswal,
RD Gaikwad,
TU Deshpande,
Abdul Samad,
PK Garg,
JR Philippe,
Kartik Tyagi,
CV Varun,
KL Nagarkoti,
I Udana,
Ravi Bishnoi,
Shahbaz Ahmed,
AT Carey,
N Jagadeesan,
T Natarajan,
P Dubey,
SS Cottrell,
Arshdeep Singh,
DR Sams,
